<?xml version="1.0" encoding="UTF-8"?>
<addon id="plugin.video.jksp"
       version="0.0.1"
       name="Jk$p Movies Plugin"
       provider-name="Jk$p">
<requires>
  <import addon="xbmc.python" version="2.24.0"/>
</requires>
<extension point="xbmc.python.pluginsource" library="main.py">
  <provides>video</provides>
</extension>
<extension point="xbmc.addon.metadata">
  <summary lang="en">Jk$p Movies Plugin</summary>
  <description lang="en">Watch movies by Jk$p</description>
  <disclaimer> </disclaimer>
  <assets>
    <icon>icon.png</icon>
    <fanart>fanart.jpg</fanart>
  </assets>
</extension>
</addon>
