<?xml version="1.0" encoding="UTF-8" standalone="yes"?>
<addon id="repository.Jk$p" name="Jk$p repository" version="1.0" provider-name="Jk$p">
	<extension point="xbmc.addon.repository" name="Simple Kodi">
		<info compressed="false">https://raw.githubusercontent.com/Jksp/jksp.repo/master/repository/zips/addons.xml</info>
		<checksum>https://raw.githubusercontent.com/Jksp/jksp.repo/master/repository/zips/addons.xml.md5</checksum>
		<datadir zip="true">https://raw.githubusercontent.com/Jksp/jksp.repo/tree/master/repository/zips</datadir>
	</extension>
	<extension point="xbmc.addon.metadata">
		<summary>Jk$p Movies Plugin.</summary>
		<description>Watch movies by Jk$p</description>
		<platform>all</platform>
	</extension>
</addon>

